elapsed,inaVoltage,INA219,maxVoltage,MAX17048,mAh,TotalmAh
1,4.10,99,4.17,92,13.4,98
2,4.09,99,4.17,92,14.4,98
3,4.09,99,4.17,92,15.4,98
4,4.09,99,4.17,93,16.4,98
5,4.09,99,4.16,93,17.5,98
6,4.09,99,4.16,93,18.5,98
7,4.09,99,4.16,93,19.5,98
8,4.08,99,4.16,93,20.5,98
9,4.08,99,4.16,93,21.5,98
10,4.08,99,4.16,94,22.5,98
11,4.08,99,4.16,94,23.5,98
12,4.08,99,4.16,94,24.5,98
13,4.08,99,4.16,94,25.5,97
14,4.08,99,4.15,94,26.5,97
15,4.08,99,4.15,94,27.5,97
16,4.08,99,4.15,94,28.5,97
17,4.07,99,4.15,94,29.5,97
18,4.07,99,4.15,94,30.5,97
19,4.07,99,4.15,94,31.5,97
20,4.07,99,4.15,94,32.5,97
21,4.07,99,4.15,94,33.6,97
22,4.07,99,4.15,94,34.6,97
23,4.07,99,4.15,94,35.6,97
24,4.07,99,4.14,94,36.6,97
25,4.06,99,4.14,94,37.6,96
26,4.06,99,4.14,94,38.6,96
27,4.06,99,4.14,94,39.6,96
28,4.06,99,4.14,94,40.6,96
29,4.06,99,4.14,94,41.6,96
30,4.06,99,4.14,94,42.6,96
31,4.06,99,4.14,94,43.6,96
32,4.06,99,4.13,94,44.6,96
33,4.06,99,4.13,94,45.6,96
34,4.06,99,4.13,94,46.6,96
35,4.05,99,4.13,94,47.6,96
36,4.05,99,4.13,94,48.6,96
37,4.05,99,4.13,94,49.7,96
38,4.05,99,4.13,94,50.7,95
39,4.05,99,4.13,94,51.7,95
40,4.05,99,4.13,94,52.7,95
41,4.05,99,4.13,94,53.7,95
42,4.05,99,4.12,94,54.7,95
43,4.05,99,4.12,94,55.7,95
44,4.04,98,4.12,94,56.7,95
45,4.04,98,4.12,93,57.7,95
46,4.04,98,4.12,93,58.7,95
47,4.04,98,4.12,93,59.7,95
48,4.04,98,4.12,93,60.7,95
49,4.04,98,4.12,93,61.7,95
50,4.04,98,4.12,93,62.7,94
51,4.04,98,4.12,93,63.7,94
52,4.04,98,4.11,93,64.7,94
53,4.04,98,4.11,93,65.7,94
54,4.04,98,4.11,93,66.8,94
55,4.04,98,4.11,93,67.8,94
56,4.03,97,4.11,93,68.8,94
57,4.03,97,4.11,93,68.3,94
58,4.03,97,4.11,92,69.3,94
59,4.03,97,4.11,92,70.3,94
60,4.03,97,4.11,92,71.3,94
61,4.03,97,4.11,92,72.4,94
62,4.03,97,4.11,92,73.4,94
63,4.03,97,4.1,92,74.4,94
64,4.03,97,4.1,92,75.4,94
65,4.03,97,4.1,92,76.4,94
66,4.03,97,4.1,92,77.4,94
67,4.02,97,4.1,92,78.4,94
68,4.02,97,4.1,91,79.4,94
69,4.02,97,4.1,91,80.4,93
70,4.02,96,4.1,91,81.4,93
71,4.02,96,4.1,91,82.4,93
72,4.02,96,4.1,91,83.4,93
73,4.02,96,4.1,91,84.4,93
74,4.02,96,4.1,91,85.4,93
75,4.02,96,4.1,91,86.4,93
76,4.02,96,4.09,91,87.4,93
77,4.02,96,4.09,91,88.4,93
78,4.02,96,4.09,91,89.4,93
79,4.02,96,4.09,91,90.5,93
80,4.01,96,4.09,90,91.5,93
81,4.02,96,4.09,90,92.5,92
82,4.01,96,4.09,90,93.5,92
83,4.01,96,4.09,90,94.5,92
84,4.01,96,4.09,90,95.5,92
85,4.01,96,4.09,90,96.5,92
86,4.01,95,4.09,90,97.5,92
87,4.01,95,4.09,90,98.5,92
88,4.01,95,4.09,90,99.5,92
89,4.01,95,4.09,90,100.5,92
90,4.01,95,4.09,90,101.5,92
91,4,95,4.09,89,102.5,92
92,4,95,4.08,89,103.5,92
93,4.01,95,4.08,89,104.5,92
94,4,95,4.08,89,105.5,91
95,4.01,95,4.08,89,106.5,91
96,4,95,4.08,89,107.5,91
97,4,95,4.08,89,108.5,91
98,4,94,4.08,89,109.6,91
99,4,95,4.08,89,110.6,91
100,4,95,4.08,89,111.6,91
101,4,94,4.08,89,112.6,91
102,4,94,4.08,89,113.6,91
103,4,94,4.08,88,114.6,91
104,4,94,4.08,88,115.6,91
105,4,94,4.08,88,116.6,91
106,4,94,4.07,88,117.6,90
107,4,94,4.07,88,118.6,90
108,4,94,4.07,88,119.6,90
109,4,94,4.07,88,120.6,90
110,4,94,4.07,88,121.6,90
111,3.99,94,4.07,88,122.6,90
112,4,94,4.07,88,123.6,90
113,4,94,4.07,88,124.6,90
114,4,94,4.07,87,125.6,90
115,4,94,4.07,87,126.6,90
116,4,94,4.07,87,127.6,90
117,3.99,93,4.07,87,128.6,90
118,4,94,4.07,87,129.6,89
119,4,94,4.07,87,130.6,89
120,4,94,4.07,87,131.5,89
121,4,94,4.07,87,132.5,89
122,4,94,4.07,87,133.5,89
123,4,94,4.07,87,134.4,89
124,4,94,4.07,87,135.4,89
125,3.99,94,4.07,87,136.4,89
126,4,94,4.07,87,137.3,89
127,3.99,93,4.07,87,138.3,89
128,3.99,93,4.07,87,139.2,89
129,3.99,93,4.07,86,140.2,89
130,3.99,93,4.07,86,141.2,89
131,3.99,93,4.07,86,142.1,88
132,3.99,93,4.07,86,143.1,88
133,3.99,93,4.06,86,144.1,88
134,3.99,93,4.07,86,145,88
135,3.99,93,4.06,86,146,88
136,3.99,93,4.06,86,147,88
137,3.99,93,4.06,86,147.9,88
138,3.99,93,4.06,86,148.9,88
139,3.99,93,4.06,86,149.9,88
140,3.99,93,4.06,86,150.9,88
141,3.99,93,4.06,86,151.8,88
142,3.99,93,4.06,86,152.8,88
143,3.99,93,4.06,86,153.8,88
144,3.99,93,4.06,86,154.7,87
145,3.98,92,4.06,86,155.7,87
146,3.98,92,4.06,86,156.7,87
147,3.98,92,4.06,85,157.7,87
148,3.98,92,4.06,85,158.7,87
149,3.98,92,4.06,85,159.7,87
150,3.98,92,4.06,85,160.7,87
151,3.98,92,4.06,85,161.7,87
152,3.98,92,4.06,85,162.7,87
153,3.98,92,4.06,85,163.7,87
154,3.98,91,4.06,85,164.7,87
155,3.98,91,4.06,85,165.7,87
156,3.98,91,4.06,85,166.7,87
157,3.98,91,4.06,85,167.7,86
158,3.98,91,4.06,85,168.7,86
159,3.98,91,4.05,85,169.7,86
160,3.98,91,4.06,85,170.7,86
161,3.98,91,4.06,85,171.7,86
162,3.98,91,4.05,85,172.7,86
163,3.98,91,4.06,85,173.7,86
164,3.98,91,4.05,85,174.7,86
165,3.98,91,4.05,85,175.7,86
166,3.98,91,4.06,85,176.7,86
167,3.97,91,4.05,85,177.7,86
168,3.98,91,4.05,85,178.7,86
169,3.97,91,4.05,84,179.7,85
170,3.97,91,4.05,84,180.7,85
171,3.98,91,4.05,84,181.7,85
172,3.97,91,4.05,84,182.7,85
173,3.97,91,4.05,84,183.7,85
174,3.97,91,4.05,84,184.7,85
175,3.97,91,4.05,84,185.7,85
176,3.97,91,4.05,84,186.7,85
177,3.97,91,4.05,84,187.7,85
178,3.97,91,4.05,84,188.7,85
179,3.97,91,4.05,84,189.7,85
180,3.97,91,4.05,84,190.7,85
181,3.97,90,4.05,84,191.7,85
182,3.97,91,4.05,84,192.7,84
183,3.97,91,4.05,84,193.7,84
184,3.97,91,4.05,84,194.7,84
185,3.97,90,4.05,84,195.7,84
186,3.97,90,4.05,84,196.7,84
187,3.97,91,4.05,84,197.7,84
188,3.97,90,4.05,84,198.7,84
189,3.97,90,4.05,84,199.7,84
190,3.97,90,4.05,84,200.7,84
191,3.97,90,4.05,84,201.7,84
192,3.97,90,4.05,84,202.7,84
193,3.97,90,4.05,84,203.7,84
194,3.97,90,4.05,84,204.7,83
195,3.97,90,4.05,84,205.7,83
196,3.97,90,4.05,84,206.7,83
197,3.96,89,4.05,83,207.7,83
198,3.97,90,4.05,83,208.7,83
199,3.97,90,4.05,83,209.7,83
200,3.96,89,4.04,83,210.7,83
201,3.96,89,4.04,83,211.7,83
202,3.96,89,4.04,83,212.7,83
203,3.96,89,4.04,83,213.7,83
204,3.96,89,4.05,83,214.7,83
205,3.96,89,4.04,83,215.7,83
206,3.96,89,4.04,83,216.7,82
207,3.96,89,4.04,83,217.7,82
208,3.96,89,4.04,83,218.7,82
209,3.96,89,4.04,83,219.7,82
210,3.96,89,4.04,83,220.7,82
211,3.96,89,4.04,83,221.7,82
212,3.96,89,4.04,83,222.7,82
213,3.96,88,4.04,83,223.7,82
214,3.96,89,4.04,83,224.7,82
215,3.96,89,4.04,83,225.7,82
216,3.96,88,4.04,83,226.7,82
217,3.96,89,4.04,83,227.7,82
218,3.96,89,4.04,83,228.7,82
219,3.96,88,4.04,83,229.7,81
220,3.96,89,4.04,83,230.7,81
221,3.96,87,4.04,83,231.7,81
222,3.96,87,4.04,82,232.7,81
223,3.96,87,4.03,82,233.7,81
224,3.96,87,4.04,82,234.7,81
225,3.96,87,4.03,82,235.7,81
226,3.96,87,4.03,82,236.7,81
227,3.96,87,4.03,82,237.7,81
228,3.95,86,4.03,82,238.7,81
229,3.95,86,4.03,82,239.7,81
230,3.95,86,4.03,82,240.7,81
231,3.95,86,4.03,82,241.7,80
232,3.95,86,4.03,82,242.7,80
233,3.95,86,4.03,82,243.7,80
234,3.95,86,4.03,82,244.7,80
235,3.95,86,4.03,82,245.7,80
236,3.95,85,4.03,82,246.7,80
237,3.95,86,4.03,82,247.7,80
238,3.95,85,4.03,82,248.7,80
239,3.95,85,4.03,82,249.7,80
240,3.95,85,4.03,82,250.7,80
241,3.95,85,4.03,81,251.7,80
242,3.95,85,4.03,81,252.7,80
243,3.95,85,4.03,81,253.7,80
244,3.95,85,4.03,81,254.7,79
245,3.94,84,4.03,81,255.7,79
246,3.94,84,4.03,81,256.7,79
247,3.94,84,4.03,81,257.7,79
248,3.94,84,4.02,81,258.7,79
249,3.94,84,4.02,81,259.7,79
250,3.94,84,4.02,81,260.7,79
251,3.94,84,4.02,81,261.7,79
252,3.94,83,4.02,81,262.7,79
253,3.94,84,4.02,81,263.7,79
254,3.94,83,4.02,81,264.7,79
255,3.94,83,4.02,81,265.7,79
256,3.94,83,4.02,81,266.7,78
257,3.94,83,4.02,81,267.7,78
258,3.94,83,4.02,81,268.7,78
259,3.94,83,4.02,80,269.7,78
260,3.94,83,4.02,80,270.7,78
261,3.94,83,4.02,80,271.7,78
262,3.94,82,4.02,80,272.7,78
263,3.94,82,4.02,80,273.7,78
264,3.94,82,4.02,80,274.7,78
265,3.94,83,4.02,80,275.7,78
266,3.94,82,4.02,80,276.7,78
267,3.94,82,4.02,80,277.7,78
268,3.94,82,4.01,80,278.7,78
269,3.94,82,4.02,80,279.7,77
270,3.94,82,4.01,80,280.7,77
271,3.94,82,4.02,80,281.7,77
272,3.94,82,4.01,80,282.7,77
273,3.94,82,4.01,80,283.7,77
274,3.94,82,4.01,80,284.7,77
275,3.94,82,4.01,80,285.7,77
276,3.93,82,4.01,80,286.7,77
277,3.94,82,4.01,79,287.7,77
278,3.93,82,4.01,79,288.7,77
279,3.93,81,4.01,79,289.7,77
280,3.93,81,4.01,79,290.7,77
281,3.93,81,4.01,79,291.7,76
282,3.93,82,4.01,79,292.7,76
283,3.93,82,4.01,79,293.6,76
284,3.93,81,4.01,79,294.6,76
285,3.93,81,4.01,79,295.6,76
286,3.93,81,4.01,79,296.6,76
287,3.93,81,4.01,79,297.6,76
288,3.93,81,4.01,79,298.6,76
289,3.93,82,4.01,79,299.6,76
290,3.93,81,4.01,79,300.6,76
291,3.93,81,4.01,79,301.6,76
292,3.93,81,4.01,79,302.6,76
293,3.93,81,4.01,79,303.6,76
294,3.93,81,4.01,79,304.6,75
295,3.93,81,4.01,79,305.6,75
296,3.93,81,4.01,79,306.6,75
297,3.93,81,4.01,79,307.6,75
298,3.93,81,4.01,79,308.6,75
299,3.93,81,4.01,79,309.6,75
300,3.93,81,4.01,78,310.6,75
301,3.93,81,4.01,78,311.6,75
302,3.93,81,4.01,78,312.6,75
303,3.92,80,4.01,78,313.6,75
304,3.92,80,4.01,78,314.6,75
305,3.93,81,4.01,78,315.6,75
306,3.92,80,4.01,78,316.6,74
307,3.93,81,4.01,78,317.6,74
308,3.92,80,4.01,78,318.6,74
309,3.92,80,4.01,78,319.6,74
310,3.92,80,4.01,78,320.6,74
311,3.92,80,4,78,321.6,74
312,3.92,79,4.01,78,322.6,74
313,3.92,80,4,78,323.6,74
314,3.92,79,4,78,324.6,74
315,3.92,79,4,78,325.6,74
316,3.92,79,4,78,326.6,74
317,3.92,79,4,78,327.6,74
318,3.92,79,4,78,328.6,74
319,3.92,79,4,78,329.6,73
320,3.92,79,4,78,330.6,73
321,3.92,79,4,78,331.6,73
322,3.92,79,4,78,332.6,73
323,3.92,79,4,78,333.6,73
324,3.92,78,4,77,334.6,73
325,3.92,78,4,77,335.6,73
326,3.92,79,4,77,336.6,73
327,3.92,78,4,77,337.6,73
328,3.92,78,4,77,338.6,73
329,3.92,78,4,77,339.6,73
330,3.92,78,4,77,340.6,73
331,3.92,78,4,77,341.6,72
332,3.92,78,4,77,342.6,72
333,3.92,78,3.99,77,343.6,72
334,3.92,78,3.99,77,344.6,72
335,3.91,77,3.99,77,345.6,72
336,3.91,77,3.99,77,346.6,72
337,3.91,77,3.99,77,347.6,72
338,3.91,77,3.99,77,348.6,72
339,3.91,77,3.99,77,349.6,72
340,3.91,77,3.99,77,350.6,72
341,3.91,77,3.99,77,351.6,72
342,3.91,77,3.99,77,352.6,72
343,3.91,77,3.99,77,353.6,71
344,3.91,76,3.99,77,354.6,71
345,3.91,76,3.99,77,355.6,71
346,3.91,76,3.99,77,356.6,71
347,3.91,76,3.99,77,357.5,71
348,3.91,76,3.99,76,358.5,71
349,3.91,76,3.99,76,359.5,71
350,3.91,76,3.99,76,360.5,71
351,3.91,76,3.99,76,361.5,71
352,3.9,75,3.99,76,362.5,71
353,3.9,75,3.98,76,363.5,71
354,3.9,75,3.98,76,364.5,71
355,3.9,75,3.98,76,365.5,71
356,3.9,75,3.98,76,366.5,70
357,3.9,75,3.98,76,367.5,70
358,3.9,75,3.98,76,368.5,70
359,3.9,75,3.98,76,369.5,70
360,3.9,75,3.98,76,370.5,70
361,3.9,75,3.98,76,371.5,70
362,3.9,75,3.98,76,372.5,70
363,3.9,75,3.98,76,373.5,70
364,3.9,74,3.98,76,374.5,70
365,3.9,74,3.98,75,375.5,70
366,3.9,74,3.98,75,376.5,70
367,3.9,74,3.98,75,377.5,70
368,3.9,74,3.98,75,378.5,69
369,3.9,74,3.98,75,379.5,69
370,3.9,74,3.98,75,380.5,69
371,3.89,73,3.97,75,381.5,69
372,3.89,73,3.97,75,382.5,69
373,3.89,73,3.97,75,383.5,69
374,3.89,73,3.97,75,384.5,69
375,3.89,73,3.97,75,385.5,69
376,3.89,73,3.97,75,386.5,69
377,3.89,73,3.97,75,387.5,69
378,3.89,73,3.97,75,388.5,69
379,3.89,73,3.97,75,389.5,69
380,3.89,73,3.97,74,390.5,69
381,3.89,73,3.97,74,391.5,68
382,3.88,72,3.97,74,392.5,68
383,3.89,73,3.97,74,393.5,68
384,3.89,73,3.97,74,394.5,68
385,3.88,72,3.97,74,395.5,68
386,3.88,72,3.96,74,396.5,68
387,3.88,72,3.96,74,397.5,68
388,3.88,72,3.96,74,398.4,68
389,3.88,72,3.96,74,399.4,68
390,3.88,72,3.96,74,400.4,68
391,3.88,72,3.96,74,401.4,68
392,3.88,72,3.96,74,402.4,68
393,3.88,72,3.96,73,403.4,67
394,3.88,72,3.96,73,404.4,67
395,3.88,71,3.96,73,405.4,67
396,3.88,72,3.96,73,406.4,67
397,3.88,72,3.96,73,407.4,67
398,3.88,71,3.96,73,408.4,67
399,3.88,71,3.96,73,409.4,67
400,3.88,71,3.96,73,410.4,67
401,3.88,71,3.96,73,411.4,67
402,3.88,71,3.96,73,412.4,67
403,3.88,71,3.96,73,413.4,67
404,3.87,71,3.95,73,414.4,67
405,3.88,71,3.95,73,415.4,67
406,3.87,71,3.95,73,416.4,66
407,3.87,71,3.95,72,417.4,66
408,3.87,71,3.95,72,418.4,66
409,3.87,71,3.95,72,419.4,66
410,3.87,71,3.95,72,420.4,66
411,3.87,70,3.95,72,421.4,66
412,3.87,70,3.95,72,422.4,66
413,3.87,70,3.95,72,423.4,66
414,3.87,70,3.95,72,424.4,66
415,3.87,70,3.95,72,425.4,66
416,3.87,70,3.95,72,426.4,66
417,3.87,70,3.95,72,427.4,66
418,3.87,70,3.95,72,428.4,65
419,3.87,70,3.95,72,429.4,65
420,3.86,70,3.95,72,430.4,65
421,3.86,70,3.95,71,431.3,65
422,3.86,70,3.94,71,432.3,65
423,3.86,70,3.95,71,433.3,65
424,3.86,70,3.95,71,434.3,65
425,3.86,70,3.94,71,435.3,65
426,3.86,70,3.94,71,436.3,65
427,3.86,70,3.94,71,437.3,65
428,3.86,70,3.94,71,438.3,65
429,3.86,69,3.94,71,439.3,65
430,3.86,69,3.94,71,440.3,65
431,3.86,69,3.94,71,441.3,64
432,3.86,70,3.94,71,442.3,64
433,3.86,70,3.94,71,443.3,64
434,3.86,69,3.94,71,444.3,64
435,3.86,69,3.94,70,445.3,64
436,3.86,69,3.94,70,446.3,64
437,3.86,70,3.94,70,447.3,64
438,3.86,69,3.94,70,448.3,64
439,3.86,69,3.94,70,449.3,64
440,3.86,69,3.94,70,450.3,64
441,3.86,69,3.94,70,451.3,64
442,3.86,69,3.94,70,452.3,64
443,3.86,69,3.94,70,453.3,63
444,3.86,69,3.94,70,454.3,63
445,3.86,69,3.94,70,455.3,63
446,3.86,69,3.94,70,456.3,63
447,3.86,69,3.93,70,457.3,63
448,3.86,69,3.94,70,458.3,63
449,3.85,68,3.94,70,459.3,63
450,3.85,68,3.93,70,460.3,63
451,3.85,68,3.93,69,461.2,63
452,3.85,68,3.93,69,462.2,63
453,3.85,68,3.93,69,463.2,63
454,3.85,68,3.93,69,464.2,63
455,3.85,68,3.93,69,465.2,63
456,3.85,68,3.93,69,466.2,62
457,3.85,68,3.93,69,467.2,62
458,3.85,68,3.93,69,468.2,62
459,3.85,68,3.93,69,469.2,62
460,3.85,68,3.93,69,470.2,62
461,3.85,68,3.93,69,471.2,62
462,3.84,67,3.93,69,472.2,62
463,3.84,67,3.93,69,473.2,62
464,3.85,68,3.93,69,474.2,62
465,3.84,67,3.93,69,475.2,62
466,3.84,67,3.93,69,476.2,62
467,3.84,67,3.93,68,477.2,62
468,3.84,67,3.92,68,478.2,61
469,3.84,67,3.92,68,479.2,61
470,3.84,66,3.92,68,480.2,61
471,3.84,66,3.92,68,481.2,61
472,3.84,67,3.92,68,482.2,61
473,3.84,66,3.92,68,483.2,61
474,3.84,66,3.92,68,484.2,61
475,3.84,66,3.92,68,485.2,61
476,3.84,66,3.92,68,486.2,61
477,3.84,66,3.92,68,487.1,61
478,3.84,66,3.92,68,488.1,61
479,3.84,66,3.92,68,489.1,61
480,3.84,66,3.92,68,490.1,61
481,3.84,66,3.92,68,491.1,60
482,3.84,66,3.92,68,492.1,60
483,3.84,66,3.92,68,493.1,60
484,3.84,66,3.92,67,494.1,60
485,3.83,65,3.92,67,495.1,60
486,3.83,65,3.91,67,496.1,60
487,3.83,65,3.92,67,497.1,60
488,3.83,65,3.92,67,498.1,60
489,3.83,65,3.91,67,499.1,60
490,3.83,64,3.91,67,500.1,60
491,3.83,65,3.91,67,501.1,60
492,3.83,64,3.91,67,502.1,60
493,3.83,64,3.91,67,503.1,59
494,3.83,64,3.91,67,504.1,59
495,3.83,64,3.91,67,505.1,59
496,3.83,64,3.91,67,506.1,59
497,3.83,64,3.91,67,507.1,59
498,3.83,64,3.91,67,508.1,59
499,3.82,63,3.91,67,509.1,59
500,3.82,63,3.91,66,510.1,59
501,3.82,63,3.91,66,511,59
502,3.82,63,3.91,66,512,59
503,3.82,63,3.9,66,513,59
504,3.82,63,3.9,66,514,59
505,3.82,63,3.9,66,515,59
506,3.82,63,3.9,66,516,58
507,3.82,63,3.9,66,517,58
508,3.82,63,3.9,66,518,58
509,3.82,63,3.9,66,519,58
510,3.82,63,3.9,66,520,58
511,3.82,63,3.9,66,521,58
512,3.82,63,3.9,66,522,58
513,3.82,63,3.9,66,523,58
514,3.82,63,3.9,66,524,58
515,3.82,63,3.9,65,525,58
516,3.82,63,3.9,65,526,58
517,3.82,63,3.9,65,527,58
518,3.82,63,3.9,65,528,57
519,3.81,63,3.9,65,529,57
520,3.82,63,3.9,65,530,57
521,3.81,63,3.9,65,531,57
522,3.81,63,3.9,65,531.9,57
523,3.81,63,3.89,65,532.9,57
524,3.81,63,3.89,65,533.9,57
525,3.81,63,3.89,65,534.9,57
526,3.81,63,3.89,65,535.9,57
527,3.81,62,3.89,65,536.9,57
528,3.81,62,3.89,65,537.9,57
529,3.81,62,3.89,65,538.9,57
530,3.81,62,3.89,65,539.9,57
531,3.81,62,3.89,64,540.9,56
532,3.81,62,3.89,64,541.9,56
533,3.81,62,3.89,64,542.9,56
534,3.81,62,3.89,64,543.9,56
535,3.8,62,3.89,64,544.9,56
536,3.8,62,3.89,64,545.9,56
537,3.8,62,3.89,64,546.9,56
538,3.8,62,3.89,64,547.9,56
539,3.8,62,3.89,64,548.9,56
540,3.8,62,3.88,64,549.9,56
541,3.8,62,3.88,64,550.9,56
542,3.8,62,3.88,64,551.9,56
543,3.8,62,3.88,64,552.8,55
544,3.8,62,3.88,64,553.8,55
545,3.8,62,3.88,64,554.8,55
546,3.8,62,3.88,63,555.8,55
547,3.8,61,3.88,63,556.8,55
548,3.8,61,3.88,63,557.8,55
549,3.8,61,3.88,63,558.8,55
550,3.8,61,3.88,63,559.8,55
551,3.8,61,3.88,63,560.8,55
552,3.8,61,3.88,63,561.8,55
553,3.8,61,3.88,63,562.8,55
554,3.8,61,3.88,63,563.8,55
555,3.79,60,3.88,63,564.8,55
556,3.79,60,3.88,63,565.8,54
557,3.79,60,3.88,63,566.8,54
558,3.79,60,3.87,63,567.8,54
559,3.79,59,3.88,63,568.8,54
560,3.79,60,3.87,63,569.8,54
561,3.79,60,3.87,62,570.8,54
562,3.79,59,3.87,62,571.8,54
563,3.79,60,3.87,62,572.7,54
564,3.79,59,3.87,62,573.7,54
565,3.79,59,3.87,62,574.7,54
566,3.79,59,3.87,62,575.7,54
567,3.78,59,3.87,62,576.7,54
568,3.78,59,3.87,62,577.7,53
569,3.78,59,3.87,62,578.7,53
570,3.78,59,3.87,62,579.7,53
571,3.78,59,3.87,62,580.7,53
572,3.78,59,3.87,62,581.7,53
573,3.78,59,3.87,62,582.7,53
574,3.78,59,3.87,62,583.7,53
575,3.78,59,3.87,62,584.7,53
576,3.78,58,3.87,62,585.7,53
577,3.78,58,3.87,61,586.7,53
578,3.78,58,3.87,61,587.7,53
579,3.78,58,3.86,61,588.7,53
580,3.78,58,3.87,61,589.7,53
581,3.78,58,3.86,61,590.7,52
582,3.78,58,3.86,61,591.6,52
583,3.78,58,3.86,61,592.6,52
584,3.78,58,3.86,61,593.6,52
585,3.78,58,3.86,61,594.6,52
586,3.78,58,3.86,61,595.6,52
587,3.78,58,3.86,61,596.6,52
588,3.78,58,3.86,61,597.6,52
589,3.78,58,3.86,61,598.6,52
590,3.78,58,3.86,61,599.6,52
591,3.78,58,3.86,60,600.6,52
592,3.78,58,3.86,60,601.6,52
593,3.77,57,3.86,60,602.6,51
594,3.78,58,3.86,60,603.6,51
595,3.78,58,3.86,60,604.6,51
596,3.77,57,3.86,60,605.6,51
597,3.77,57,3.86,60,606.6,51
598,3.77,57,3.86,60,607.6,51
599,3.77,57,3.86,60,608.6,51
600,3.77,57,3.86,60,609.6,51
601,3.77,57,3.86,60,610.5,51
602,3.77,57,3.86,60,611.5,51
603,3.77,57,3.85,59,612.5,51
604,3.77,57,3.85,59,613.5,51
605,3.77,57,3.86,59,614.5,51
606,3.77,57,3.85,59,615.5,50
607,3.77,57,3.85,59,616.5,50
608,3.77,57,3.85,59,617.5,50
609,3.77,57,3.85,59,618.5,50
610,3.77,57,3.85,59,619.5,50
611,3.77,57,3.85,59,620.5,50
612,3.77,57,3.85,59,621.5,50
613,3.77,57,3.85,59,622.5,50
614,3.76,56,3.85,59,623.5,50
615,3.77,57,3.85,59,624.5,50
616,3.77,57,3.85,59,625.5,50
617,3.76,56,3.85,59,626.5,50
618,3.76,56,3.85,58,627.5,49
619,3.76,56,3.85,58,628.4,49
620,3.76,56,3.85,58,629.4,49
621,3.76,56,3.85,58,630.4,49
622,3.76,56,3.85,58,631.4,49
623,3.76,56,3.85,58,632.4,49
624,3.76,55,3.85,58,633.4,49
625,3.76,56,3.85,58,634.4,49
626,3.76,56,3.85,58,635.4,49
627,3.76,55,3.85,58,636.4,49
628,3.76,55,3.84,58,637.4,49
629,3.76,55,3.85,57,638.4,49
630,3.76,55,3.85,57,639.4,49
631,3.76,55,3.84,57,640.4,48
632,3.76,55,3.84,57,641.4,48
633,3.76,55,3.85,57,642.4,48
634,3.76,55,3.84,57,643.4,48
635,3.76,55,3.84,57,644.4,48
636,3.76,55,3.84,57,645.4,48
637,3.76,55,3.84,57,646.4,48
638,3.76,55,3.84,57,647.3,48
639,3.76,55,3.84,57,648.3,48
640,3.76,55,3.84,56,649.3,48
641,3.76,55,3.84,56,650.3,48
642,3.76,55,3.84,56,651.3,48
643,3.76,55,3.84,56,652.3,47
644,3.76,55,3.84,56,653.3,47
645,3.76,55,3.84,56,654.3,47
646,3.76,55,3.84,56,655.3,47
647,3.76,55,3.84,56,656.3,47
648,3.75,54,3.84,56,657.3,47
649,3.76,55,3.84,56,658.3,47
650,3.76,55,3.84,56,659.3,47
651,3.76,55,3.84,56,660.3,47
652,3.75,54,3.84,55,661.3,47
653,3.75,54,3.84,55,662.3,47
654,3.75,54,3.84,55,663.3,47
655,3.75,54,3.84,55,664.2,47
656,3.75,54,3.84,55,665.2,46
657,3.75,54,3.84,55,666.2,46
658,3.75,54,3.83,55,667.2,46
659,3.75,54,3.83,55,668.2,46
660,3.75,54,3.83,55,669.2,46
661,3.75,54,3.83,55,670.2,46
662,3.75,54,3.83,54,671.2,46
663,3.75,54,3.83,54,672.2,46
664,3.75,54,3.83,54,673.2,46
665,3.75,54,3.83,54,674.2,46
666,3.75,54,3.83,54,675.2,46
667,3.74,53,3.83,54,676.2,46
668,3.75,54,3.83,54,677.2,45
669,3.75,54,3.83,54,678.2,45
670,3.75,54,3.83,54,679.2,45
671,3.75,54,3.83,54,680.1,45
672,3.75,54,3.83,54,681.1,45
673,3.75,54,3.83,53,682.1,45
674,3.74,53,3.83,53,683.1,45
675,3.74,53,3.83,53,684.1,45
676,3.74,53,3.83,53,685.1,45
677,3.74,53,3.83,53,686.1,45
678,3.74,53,3.83,53,687.1,45
679,3.74,53,3.83,53,688.1,45
680,3.74,53,3.83,53,689.1,45
681,3.74,53,3.83,53,690.1,44
682,3.74,53,3.83,53,691.1,44
683,3.74,52,3.83,53,692.1,44
684,3.74,53,3.83,53,693.1,44
685,3.74,52,3.83,53,694.1,44
686,3.74,52,3.83,53,695.1,44
687,3.74,53,3.83,52,696,44
688,3.74,52,3.83,52,697,44
689,3.74,52,3.83,52,698,44
690,3.74,52,3.82,52,699,44
691,3.74,52,3.82,52,700,44
692,3.74,52,3.83,52,701,44
693,3.74,52,3.82,52,702,43
694,3.74,52,3.82,52,703,43
695,3.74,52,3.82,52,704,43
696,3.74,51,3.83,52,705,43
697,3.74,51,3.82,52,706,43
698,3.74,51,3.82,52,707,43
699,3.74,51,3.82,52,708,43
700,3.74,52,3.82,51,709,43
701,3.74,51,3.82,51,710,43
702,3.74,51,3.82,51,711,43
703,3.74,51,3.82,51,711.9,43
704,3.74,51,3.82,51,712.9,43
705,3.74,51,3.82,51,713.9,43
706,3.74,51,3.82,51,714.9,42
707,3.74,51,3.82,51,715.9,42
708,3.73,50,3.82,51,716.9,42
709,3.73,50,3.82,50,717.9,42
710,3.73,50,3.82,50,718.9,42
711,3.73,50,3.82,50,719.9,42
712,3.73,50,3.82,50,720.9,42
713,3.73,50,3.82,50,721.9,42
714,3.73,50,3.82,50,722.9,42
715,3.73,50,3.82,50,723.9,42
716,3.73,50,3.82,50,724.9,42
717,3.73,50,3.82,50,725.8,42
718,3.73,50,3.82,50,726.8,41
719,3.73,50,3.82,50,727.8,41
720,3.73,50,3.82,50,728.8,41
721,3.73,50,3.82,49,729.8,41
722,3.73,49,3.81,49,730.8,41
723,3.73,49,3.81,49,731.8,41
724,3.73,49,3.82,49,732.8,41
725,3.73,49,3.81,49,733.8,41
726,3.73,50,3.81,49,734.8,41
727,3.73,49,3.81,49,735.8,41
728,3.73,49,3.81,49,736.8,41
729,3.73,49,3.81,48,737.8,41
730,3.73,49,3.81,48,738.8,41
731,3.73,49,3.81,48,739.8,40
732,3.73,49,3.81,48,740.7,40
733,3.72,48,3.81,48,741.7,40
734,3.73,49,3.81,48,742.7,40
735,3.72,48,3.81,48,743.7,40
736,3.72,48,3.81,48,744.7,40
737,3.72,48,3.81,48,745.7,40
738,3.72,48,3.81,48,746.7,40
739,3.72,48,3.81,48,747.7,40
740,3.72,48,3.81,48,748.7,40
741,3.72,48,3.81,48,749.7,40
742,3.72,48,3.81,47,750.7,40
743,3.72,48,3.81,47,751.7,39
744,3.72,48,3.81,47,752.7,39
745,3.72,47,3.81,47,753.7,39
746,3.72,48,3.81,47,754.6,39
747,3.72,47,3.81,47,755.6,39
748,3.72,47,3.81,47,756.6,39
749,3.72,47,3.81,47,757.6,39
750,3.72,47,3.8,47,758.6,39
751,3.72,48,3.81,47,759.6,39
752,3.72,47,3.8,47,760.6,39
753,3.72,47,3.81,47,761.6,39
754,3.72,47,3.81,47,762.6,39
755,3.72,47,3.8,46,763.6,39
756,3.72,47,3.8,46,764.6,38
757,3.72,46,3.8,46,765.6,38
758,3.72,46,3.8,46,766.6,38
759,3.72,46,3.8,46,767.6,38
760,3.72,46,3.8,46,768.5,38
761,3.72,47,3.8,46,769.5,38
762,3.72,46,3.8,46,770.5,38
763,3.72,46,3.8,45,771.5,38
764,3.72,46,3.8,45,772.5,38
765,3.72,46,3.8,45,773.5,38
766,3.72,46,3.8,45,774.5,38
767,3.72,46,3.8,45,775.5,38
768,3.72,46,3.8,45,776.5,38
769,3.71,45,3.8,45,777.5,37
770,3.71,45,3.8,45,778.5,37
771,3.72,46,3.8,45,779.5,37
772,3.71,45,3.8,44,780.5,37
773,3.71,45,3.8,44,781.4,37
774,3.71,45,3.8,44,782.4,37
775,3.71,45,3.8,44,783.4,37
776,3.71,45,3.8,44,784.4,37
777,3.71,45,3.8,44,785.4,37
778,3.71,45,3.8,44,786.4,37
779,3.71,45,3.8,44,787.4,37
780,3.71,44,3.8,44,788.4,37
781,3.71,45,3.8,44,789.4,36
782,3.71,45,3.8,44,790.4,36
783,3.71,44,3.8,44,791.4,36
784,3.71,45,3.8,43,792.4,36
785,3.71,44,3.8,43,793.4,36
786,3.71,44,3.79,43,794.4,36
787,3.71,44,3.8,43,795.3,36
788,3.71,44,3.79,43,796.3,36
789,3.71,44,3.8,43,797.3,36
790,3.71,44,3.79,43,798.3,36
791,3.71,44,3.79,43,799.3,36
792,3.7,43,3.79,43,800.3,36
793,3.71,44,3.79,42,801.3,36
794,3.71,44,3.79,42,802.3,35
795,3.71,44,3.79,42,803.3,35
796,3.7,43,3.79,42,804.3,35
797,3.7,43,3.79,42,805.3,35
798,3.71,44,3.79,42,806.3,35
799,3.7,43,3.79,42,807.3,35
800,3.7,43,3.79,42,808.2,35
801,3.7,43,3.79,42,809.2,35
802,3.7,43,3.79,42,810.2,35
803,3.7,43,3.79,42,811.2,35
804,3.7,43,3.79,42,812.2,35
805,3.7,43,3.79,42,813.2,35
806,3.7,43,3.79,41,814.2,34
807,3.7,42,3.79,41,815.2,34
808,3.7,43,3.79,41,816.2,34
809,3.7,42,3.79,41,817.2,34
810,3.7,42,3.79,41,818.2,34
811,3.7,42,3.79,41,819.2,34
812,3.7,42,3.79,41,820.2,34
813,3.7,42,3.79,40,821.1,34
814,3.7,42,3.79,40,822.1,34
815,3.7,42,3.79,40,823.1,34
816,3.7,42,3.79,40,824.1,34
817,3.7,42,3.79,40,825.1,34
818,3.7,42,3.79,40,826.1,34
819,3.7,41,3.79,40,827.1,33
820,3.7,42,3.78,40,828.1,33
821,3.7,42,3.78,40,829.1,33
822,3.7,42,3.78,40,830.1,33
823,3.7,42,3.78,40,831.1,33
824,3.7,41,3.78,40,832,33
825,3.7,41,3.78,39,833,33
826,3.7,41,3.78,39,834,33
827,3.7,41,3.78,39,835,33
828,3.7,41,3.78,39,836,33
829,3.7,41,3.78,39,837,33
830,3.7,41,3.78,39,838,33
831,3.7,41,3.78,39,839,32
832,3.7,41,3.78,39,840,32
833,3.69,40,3.78,39,840.9,32
834,3.7,41,3.78,39,841.9,32
835,3.7,41,3.78,39,842.9,32
836,3.7,41,3.78,38,843.9,32
837,3.69,40,3.78,38,844.9,32
838,3.69,40,3.78,38,845.9,32
839,3.69,40,3.78,38,846.9,32
840,3.69,40,3.78,38,847.9,32
841,3.69,40,3.78,38,848.8,32
842,3.69,40,3.78,38,849.8,32
843,3.69,40,3.78,38,850.8,32
844,3.69,39,3.78,38,851.8,31
845,3.69,40,3.78,38,852.8,31
846,3.69,39,3.78,38,853.8,31
847,3.69,40,3.78,37,854.8,31
848,3.69,39,3.78,37,855.8,31
849,3.69,39,3.78,37,856.7,31
850,3.69,40,3.78,37,857.7,31
851,3.69,39,3.77,37,858.7,31
852,3.69,39,3.77,37,859.7,31
853,3.69,39,3.77,37,860.7,31
854,3.69,39,3.77,37,861.7,31
855,3.69,39,3.77,37,862.7,31
856,3.69,39,3.77,37,863.6,30
857,3.69,39,3.77,37,864.6,30
858,3.69,39,3.77,37,865.6,30
859,3.69,39,3.77,36,866.6,30
860,3.68,38,3.77,36,867.6,30
861,3.69,39,3.77,36,868.6,30
862,3.69,39,3.77,36,869.6,30
863,3.68,38,3.77,36,870.5,30
864,3.68,38,3.77,36,871.5,30
865,3.68,38,3.77,36,872.5,30
866,3.68,38,3.77,36,873.5,30
867,3.68,38,3.77,35,874.5,30
868,3.68,38,3.77,35,875.5,30
869,3.68,38,3.77,35,876.4,29
870,3.68,38,3.77,35,877.4,29
871,3.68,38,3.77,35,878.4,29
872,3.68,38,3.77,35,879.4,29
873,3.68,38,3.77,35,880.4,29
874,3.68,38,3.77,35,881.4,29
875,3.68,38,3.77,35,882.3,29
876,3.68,38,3.77,35,883.3,29
877,3.68,38,3.77,35,884.3,29
878,3.68,38,3.77,35,885.3,29
879,3.68,37,3.77,35,886.3,29
880,3.68,37,3.77,34,887.3,29
881,3.68,37,3.77,34,888.2,29
882,3.68,37,3.77,34,889.2,28
883,3.68,37,3.77,34,890.2,28
884,3.68,37,3.76,34,891.2,28
885,3.68,37,3.77,34,892.2,28
886,3.68,37,3.77,34,893.2,28
887,3.68,37,3.76,34,894.1,28
888,3.68,37,3.76,34,895.1,28
889,3.68,36,3.76,34,896.1,28
890,3.68,37,3.76,33,897.1,28
891,3.68,36,3.76,33,898.1,28
892,3.68,36,3.77,33,899,28
893,3.68,36,3.76,33,900,28
894,3.68,37,3.76,33,901,27
895,3.68,36,3.76,33,902,27
896,3.68,36,3.76,33,903,27
897,3.68,36,3.76,33,903.9,27
898,3.68,36,3.76,33,904.9,27
899,3.68,36,3.76,33,905.9,27
900,3.68,36,3.76,33,906.9,27
901,3.68,36,3.76,33,907.9,27
902,3.68,36,3.76,33,908.8,27
903,3.68,36,3.76,32,909.8,27
904,3.68,36,3.76,32,910.8,27
905,3.68,36,3.76,32,911.8,27
906,3.67,35,3.76,32,912.8,27
907,3.67,35,3.76,32,913.7,26
908,3.67,35,3.76,32,914.7,26
909,3.68,36,3.76,32,915.7,26
910,3.67,35,3.76,32,916.7,26
911,3.67,35,3.76,32,917.7,26
912,3.67,35,3.76,32,918.6,26
913,3.67,35,3.76,31,919.6,26
914,3.67,35,3.76,31,920.6,26
915,3.67,35,3.76,31,921.6,26
916,3.67,35,3.76,31,922.6,26
917,3.67,35,3.76,31,923.5,26
918,3.67,35,3.76,31,924.5,26
919,3.67,35,3.76,31,925.5,26
920,3.67,35,3.76,31,926.5,25
921,3.67,35,3.76,31,927.4,25
922,3.67,34,3.76,31,928.4,25
923,3.67,34,3.76,30,929.4,25
924,3.67,35,3.76,30,930.4,25
925,3.67,34,3.76,30,931.3,25
926,3.67,35,3.76,30,932.3,25
927,3.67,34,3.76,30,933.3,25
928,3.67,36,3.76,30,934.2,25
929,3.67,36,3.76,30,935.2,25
930,3.67,36,3.76,30,936.1,25
931,3.67,35,3.75,30,937,25
932,3.67,35,3.75,30,938,25
933,3.67,35,3.75,30,939,24
934,3.67,35,3.75,30,939.9,24
935,3.67,35,3.75,30,940.9,24
936,3.67,35,3.76,30,941.8,24
937,3.67,35,3.76,30,942.8,24
938,3.68,36,3.76,29,943.7,24
939,3.67,35,3.75,29,944.6,24
940,3.67,35,3.75,29,945.5,24
941,3.67,35,3.75,29,946.5,24
942,3.67,35,3.75,29,947.4,24
943,3.67,35,3.75,29,948.4,24
944,3.67,35,3.75,29,949.3,24
945,3.67,35,3.75,29,950.3,24
946,3.67,35,3.75,29,951.2,23
947,3.67,35,3.75,29,952.1,23
948,3.67,33,3.75,29,953.1,23
949,3.67,33,3.75,28,954,23
950,3.67,33,3.75,28,955,23
951,3.67,33,3.75,28,955.9,23
952,3.67,35,3.75,28,956.9,23
953,3.67,35,3.75,28,957.8,23
954,3.67,33,3.75,28,958.8,23
955,3.67,33,3.75,28,959.7,23
956,3.67,33,3.75,28,960.7,23
957,3.67,33,3.75,28,961.6,23
958,3.67,33,3.75,28,962.6,23
959,3.67,35,3.75,28,963.5,22
960,3.67,33,3.75,27,964.5,22
961,3.67,35,3.75,27,965.4,22
962,3.67,33,3.75,27,966.3,22
963,3.67,33,3.75,27,967.3,22
964,3.67,33,3.75,27,968.2,22
965,3.67,33,3.75,27,969.2,22
966,3.67,35,3.75,27,970.1,22
967,3.67,35,3.75,27,971.1,22
968,3.67,33,3.75,27,972,22
969,3.67,33,3.75,27,972.9,22
970,3.67,33,3.75,27,973.9,22
971,3.67,35,3.75,27,974.8,22
972,3.67,35,3.75,27,975.8,21
973,3.67,35,3.75,27,976.7,21
974,3.67,33,3.75,27,977.6,21
975,3.67,33,3.75,27,978.6,21
976,3.66,32,3.75,27,979.5,21
977,3.67,33,3.75,27,980.5,21
978,3.67,33,3.75,27,981.4,21
979,3.67,33,3.75,26,982.3,21
980,3.67,33,3.75,26,983.3,21
981,3.67,33,3.75,26,984.2,21
982,3.67,33,3.75,26,985.2,21
983,3.67,33,3.75,26,986.1,21
984,3.67,33,3.74,26,987,21
985,3.66,32,3.75,26,988,20
986,3.67,33,3.75,26,988.9,20
987,3.67,33,3.75,26,989.9,20
988,3.66,32,3.75,26,990.8,20
989,3.66,32,3.74,26,991.7,20
990,3.66,32,3.75,26,992.7,20
991,3.66,32,3.75,26,993.6,20
992,3.66,32,3.74,26,994.6,20
993,3.67,33,3.74,25,995.5,20
994,3.66,32,3.75,25,996.5,20
995,3.66,32,3.75,25,997.4,20
996,3.66,32,3.75,25,998.3,20
997,3.66,32,3.74,25,999.3,20
998,3.66,32,3.74,25,1000.2,20
999,3.66,32,3.74,25,1001.2,19
1000,3.66,32,3.75,25,1002.1,19
1001,3.66,32,3.74,25,1003.1,19
1002,3.66,32,3.74,25,1004,19
1003,3.66,32,3.74,25,1004.9,19
1004,3.66,32,3.74,25,1005.9,19
1005,3.66,32,3.74,25,1006.8,19
1006,3.66,32,3.74,25,1007.8,19
1007,3.66,32,3.74,24,1008.7,19
1008,3.66,32,3.74,24,1009.7,19
1009,3.66,32,3.74,24,1010.6,19
1010,3.66,32,3.74,24,1011.6,19
1011,3.66,32,3.74,24,1012.5,19
1012,3.66,31,3.74,24,1013.4,18
1013,3.65,28,3.74,24,1014.4,18
1014,3.65,28,3.74,24,1015.4,18
1015,3.65,28,3.74,24,1016.4,18
1016,3.65,28,3.74,24,1017.4,18
1017,3.65,28,3.74,24,1018.4,18
1018,3.65,28,3.74,24,1019.3,18
1019,3.65,28,3.74,24,1020.3,18
1020,3.65,28,3.74,24,1021.3,18
1021,3.64,27,3.74,24,1022.3,18
1022,3.65,28,3.74,24,1023.3,18
1023,3.65,28,3.74,24,1024.3,18
1024,3.65,28,3.74,24,1025.3,18
1025,3.65,28,3.74,24,1026.2,17
1026,3.65,28,3.74,24,1027.2,17
1027,3.64,27,3.74,23,1028.2,17
1028,3.64,27,3.74,23,1029.2,17
1029,3.64,27,3.74,23,1030.2,17
1030,3.65,28,3.74,23,1031.2,17
1031,3.64,27,3.74,23,1032.2,17
1032,3.64,27,3.74,23,1033.1,17
1033,3.64,27,3.74,23,1034.1,17
1034,3.64,27,3.74,23,1035.1,17
1035,3.64,27,3.74,23,1036.1,17
1036,3.64,27,3.74,23,1037.1,17
1037,3.64,27,3.74,23,1038.1,16
1038,3.64,27,3.74,23,1039.1,16
1039,3.64,27,3.74,23,1040,16
1040,3.65,28,3.74,23,1041,16
1041,3.64,27,3.74,22,1042,16
1042,3.64,27,3.73,22,1043,16
1043,3.65,28,3.73,22,1044,16
1044,3.64,27,3.74,22,1045,16
1045,3.64,27,3.73,22,1046,16
1046,3.64,27,3.73,22,1046.9,16
1047,3.64,27,3.73,22,1047.9,16
1048,3.64,27,3.73,22,1048.9,16
1049,3.64,27,3.73,22,1049.9,16
1050,3.64,27,3.73,22,1050.9,15
1051,3.64,27,3.73,22,1051.9,15
1052,3.64,27,3.73,22,1052.9,15
1053,3.64,27,3.73,22,1053.8,15
1054,3.64,27,3.73,21,1054.8,15
1055,3.64,27,3.73,21,1055.8,15
1056,3.64,26,3.73,21,1056.8,15
1057,3.64,26,3.73,21,1057.8,15
1058,3.64,27,3.73,21,1058.8,15
1059,3.64,27,3.73,21,1059.8,15
1060,3.64,27,3.73,21,1060.8,15
1061,3.64,26,3.73,21,1061.7,15
1062,3.64,26,3.73,21,1062.7,14
1063,3.64,27,3.73,21,1063.7,14
1064,3.64,26,3.73,21,1064.7,14
1065,3.64,26,3.73,21,1065.7,14
1066,3.64,26,3.73,21,1066.7,14
1067,3.64,26,3.73,21,1067.6,14
1068,3.64,26,3.73,21,1068.6,14
1069,3.64,26,3.73,21,1069.6,14
1070,3.64,26,3.73,21,1070.6,14
1071,3.64,26,3.73,21,1071.6,14
1072,3.64,26,3.73,20,1072.6,14
1073,3.64,26,3.73,20,1073.5,14
1074,3.64,26,3.73,20,1074.5,14
1075,3.64,26,3.73,20,1075.5,13
1076,3.64,26,3.73,20,1076.5,13
1077,3.64,26,3.73,20,1077.5,13
1078,3.64,24,3.73,20,1078.5,13
1079,3.64,26,3.73,20,1079.4,13
1080,3.64,24,3.73,20,1080.4,13
1081,3.64,24,3.73,20,1081.4,13
1082,3.64,24,3.73,20,1082.4,13
1083,3.64,24,3.73,19,1083.4,13
1084,3.64,24,3.72,19,1084.4,13
1085,3.64,24,3.73,19,1085.3,13
1086,3.64,24,3.72,19,1086.3,13
1087,3.64,24,3.72,19,1087.3,13
1088,3.64,24,3.72,19,1088.3,12
1089,3.64,24,3.72,19,1089.3,12
1090,3.64,24,3.72,19,1090.2,12
1091,3.64,24,3.72,19,1091.2,12
1092,3.64,24,3.72,19,1092.2,12
1093,3.64,24,3.72,19,1093.2,12
1094,3.64,24,3.72,19,1094.2,12
1095,3.63,21,3.72,19,1095.2,12
1096,3.63,21,3.72,19,1096.1,12
1097,3.63,21,3.72,19,1097.1,12
1098,3.63,21,3.72,19,1098.1,12
1099,3.63,21,3.72,18,1099.1,12
1100,3.63,21,3.72,18,1100.1,11
1101,3.63,21,3.72,18,1101,11
1102,3.63,21,3.72,18,1102,11
1103,3.63,21,3.72,18,1103,11
1104,3.63,21,3.72,18,1104,11
1105,3.63,21,3.72,18,1105,11
1106,3.63,21,3.72,18,1105.9,11
1107,3.63,21,3.72,18,1106.9,11
1108,3.63,21,3.72,18,1107.9,11
1109,3.63,21,3.72,18,1108.9,11
1110,3.63,21,3.72,18,1109.9,11
1111,3.63,21,3.72,18,1110.8,11
1112,3.63,21,3.72,18,1111.8,11
1113,3.63,18,3.72,18,1112.8,10
1114,3.63,18,3.72,18,1113.8,10
1115,3.63,18,3.72,17,1114.8,10
1116,3.63,18,3.72,17,1115.8,10
1117,3.63,18,3.71,17,1116.7,10
1118,3.63,18,3.72,17,1117.7,10
1119,3.63,18,3.72,17,1118.7,10
1120,3.63,18,3.72,17,1119.7,10
1121,3.63,18,3.72,17,1120.7,10
1122,3.63,18,3.71,17,1121.6,10
1123,3.63,18,3.71,17,1122.6,10
1124,3.63,18,3.72,17,1123.6,10
1125,3.63,18,3.71,17,1124.6,10
1126,3.63,18,3.71,17,1125.6,9
1127,3.63,18,3.71,17,1126.5,9
1128,3.63,18,3.71,16,1127.5,9
1129,3.63,18,3.71,16,1128.5,9
1130,3.62,16,3.71,16,1129.5,9
1131,3.62,16,3.71,16,1130.4,9
1132,3.62,16,3.71,16,1131.4,9
1133,3.62,16,3.71,16,1132.4,9
1134,3.62,16,3.71,16,1133.4,9
1135,3.62,16,3.71,16,1134.4,9
1136,3.62,16,3.71,16,1135.3,9
1137,3.62,16,3.71,16,1136.3,9
1138,3.62,15,3.71,16,1137.3,8
1139,3.62,15,3.71,16,1138.3,8
1140,3.62,16,3.71,16,1139.2,8
1141,3.62,15,3.71,16,1140.2,8
1142,3.62,15,3.71,16,1141.2,8
1143,3.62,15,3.71,16,1142.2,8
1144,3.62,15,3.71,16,1143.1,8
1145,3.62,15,3.71,15,1144.1,8
1146,3.62,15,3.71,15,1145.1,8
1147,3.62,15,3.71,15,1146.1,8
1148,3.62,15,3.7,15,1147,8
1149,3.62,15,3.71,15,1148,8
1150,3.62,15,3.7,15,1149,8
1151,3.62,15,3.7,15,1150,7
1152,3.62,13,3.7,15,1150.9,7
1153,3.62,15,3.7,15,1151.9,7
1154,3.62,13,3.7,15,1152.9,7
1155,3.62,13,3.7,15,1153.9,7
1156,3.62,13,3.7,15,1154.8,7
1157,3.62,13,3.7,15,1155.8,7
1158,3.62,13,3.7,15,1156.8,7
1159,3.61,12,3.7,15,1157.8,7
1160,3.62,13,3.7,14,1158.7,7
1161,3.62,13,3.7,14,1159.7,7
1162,3.61,12,3.7,14,1160.7,7
1163,3.61,12,3.7,14,1161.7,7
1164,3.61,12,3.7,14,1162.6,6
1165,3.61,12,3.7,14,1163.6,6
1166,3.61,12,3.7,14,1164.6,6
1167,3.61,12,3.7,14,1165.6,6
1168,3.61,11,3.69,14,1166.5,6
1169,3.61,11,3.69,14,1167.5,6
1170,3.61,11,3.69,14,1168.5,6
1171,3.61,11,3.69,14,1169.5,6
1172,3.61,11,3.69,14,1170.4,6
1173,3.61,11,3.69,13,1171.4,6
1174,3.61,11,3.69,13,1172.4,6
1175,3.6,10,3.69,13,1173.3,6
1176,3.6,10,3.69,13,1174.3,6
1177,3.6,10,3.69,13,1175.3,5
1178,3.6,10,3.69,13,1176.3,5
1179,3.6,10,3.69,13,1177.2,5
1180,3.6,9,3.69,13,1178.2,5
1181,3.6,9,3.69,13,1179.2,5
1182,3.6,9,3.69,13,1180.1,5
1183,3.6,9,3.69,13,1181.1,5
1184,3.6,9,3.68,12,1182.1,5
1185,3.6,9,3.68,12,1183,5
1186,3.6,9,3.68,12,1184,5
1187,3.6,9,3.68,12,1185,5
1188,3.6,8,3.68,12,1186,5
1189,3.6,9,3.68,12,1186.9,5
1190,3.6,8,3.68,12,1187.9,4
1191,3.6,8,3.68,12,1188.9,4
1192,3.6,8,3.68,12,1189.9,4
1193,3.59,7,3.68,12,1190.8,4
1194,3.59,7,3.68,11,1191.8,4
1195,3.59,7,3.68,11,1192.8,4
1196,3.59,7,3.68,11,1193.7,4
1197,3.59,7,3.67,11,1194.7,4
1198,3.59,7,3.67,11,1195.7,4
1199,3.59,7,3.67,11,1196.6,4
1200,3.59,7,3.67,11,1197.6,4
1201,3.59,7,3.67,11,1198.6,4
1202,3.59,7,3.67,11,1199.5,3
1203,3.59,7,3.67,10,1200.5,3
1204,3.58,6,3.67,10,1201.5,3
1205,3.58,6,3.67,10,1202.4,3
1206,3.58,6,3.67,10,1203.4,3
1207,3.58,6,3.67,10,1204.4,3
1208,3.58,6,3.67,10,1205.3,3
1209,3.58,6,3.66,9,1206.3,3
1210,3.58,6,3.66,9,1207.3,3
1211,3.58,6,3.66,9,1208.2,3
1212,3.58,5,3.66,9,1209.2,3
1213,3.58,5,3.66,9,1210.2,3
1214,3.58,5,3.66,9,1211.1,3
1215,3.58,5,3.66,9,1212.1,2
1216,3.58,5,3.66,9,1213.1,2
1217,3.58,5,3.66,8,1214,2
1218,3.57,5,3.66,8,1215,2
1219,3.57,5,3.66,8,1216,2
1220,3.57,5,3.66,8,1216.9,2
1221,3.57,5,3.65,8,1217.9,2
1222,3.57,5,3.66,8,1218.8,2
1223,3.57,5,3.65,8,1219.8,2
1224,3.57,5,3.65,8,1220.8,2
1225,3.57,5,3.65,7,1221.7,2
1226,3.57,5,3.65,7,1222.7,2
1227,3.56,4,3.65,7,1223.6,2
1228,3.56,4,3.65,7,1224.6,1
1229,3.56,4,3.65,7,1225.6,1
1230,3.56,4,3.65,7,1226.5,1
1231,3.56,4,3.65,7,1227.5,1
1232,3.56,4,3.64,7,1228.4,1
1233,3.56,4,3.65,7,1229.4,1
1234,3.56,4,3.64,6,1230.4,1
1235,3.56,4,3.64,6,1231.3,1
1236,3.56,4,3.64,6,1232.3,1
1237,3.56,4,3.64,6,1233.2,1
1238,3.55,3,3.64,6,1234.2,1
1239,3.55,3,3.64,6,1235.2,1
1240,3.55,3,3.64,6,1236.1,1
1241,3.55,3,3.64,6,1237.1,0
1242,3.55,3,3.64,6,1238,0
1243,3.55,3,3.63,6,1239,0
1244,3.55,3,3.63,5,1239.9,0
1245,3.55,3,3.63,5,1240.9,0
1246,3.55,3,3.63,5,1241.8,0
1247,3.55,3,3.63,5,1242.8,0
1248,3.55,3,3.63,5,1243.8,0
1249,3.54,2,3.63,5,1244.7,0
